prediccion_ml,timestamp
Error: El campo 'modelo' es obligatorio.,2025-11-14 21:59:47
Error: El campo 'modelo' es obligatorio.,2025-11-14 21:59:49
Error: El campo 'modelo' es obligatorio.,2025-11-14 21:59:52
Error: El campo 'modelo' es obligatorio.,2025-11-14 21:59:53
Error: El campo 'modelo' es obligatorio.,2025-11-14 21:59:54
Error: El campo 'modelo' es obligatorio.,2025-11-14 21:59:54
Error: El campo 'modelo' es obligatorio.,2025-11-14 21:59:54
Error: El campo 'modelo' es obligatorio.,2025-11-14 21:59:56
Error: El campo 'modelo' es obligatorio.,2025-11-14 21:59:57
Error: El campo 'modelo' es obligatorio.,2025-11-14 22:00:00
Error: El campo 'modelo' es obligatorio.,2025-11-14 22:00:06
Error: El campo 'modelo' es obligatorio.,2025-11-14 22:01:20
Error: El campo 'modelo' es obligatorio.,2025-11-14 22:01:22
Error: El campo 'modelo' es obligatorio.,2025-11-14 22:01:23
Error: El campo 'modelo' es obligatorio.,2025-11-14 22:01:23
Error: El campo 'modelo' es obligatorio.,2025-11-14 22:13:27
Error: El campo 'modelo' es obligatorio.,2025-11-14 22:13:27
Error: El campo 'modelo' es obligatorio.,2025-11-14 22:13:28
Error: El campo 'modelo' es obligatorio.,2025-11-14 22:13:28
Error: El campo 'modelo' es obligatorio.,2025-11-14 22:13:28
Error: El campo 'modelo' es obligatorio.,2025-11-14 22:13:29
Error: El campo 'modelo' es obligatorio.,2025-11-14 22:22:16
Error: El campo 'modelo' es obligatorio.,2025-11-14 22:22:18
Error: El campo 'modelo' es obligatorio.,2025-11-14 22:22:19
Error: El campo 'modelo' es obligatorio.,2025-11-14 22:22:19
Error: El campo 'modelo' es obligatorio.,2025-11-14 22:22:19
Error: El campo 'modelo' es obligatorio.,2025-11-14 22:22:19
Error: El campo 'modelo' es obligatorio.,2025-11-14 22:22:21
Error: El campo 'modelo' es obligatorio.,2025-11-14 22:22:22
Error: El campo 'modelo' es obligatorio.,2025-11-14 22:22:27
Error: El campo 'modelo' es obligatorio.,2025-11-14 22:22:28
Error: El campo 'modelo' es obligatorio.,2025-11-14 22:22:28
Error: El campo 'modelo' es obligatorio.,2025-11-14 22:22:29
Error: El campo 'modelo' es obligatorio.,2025-11-14 22:22:29
Error: El campo 'modelo' es obligatorio.,2025-11-14 22:22:29
Error: El campo 'modelo' es obligatorio.,2025-11-14 22:22:29
Error: El campo 'modelo' es obligatorio.,2025-11-14 22:22:30
Error: El campo 'modelo' es obligatorio.,2025-11-14 22:22:32
Error: El campo 'modelo' es obligatorio.,2025-11-14 22:39:08
Error: El campo 'modelo' es obligatorio.,2025-11-14 22:55:31
Error: El campo 'modelo' es obligatorio.,2025-11-14 22:55:31
Error: El campo 'modelo' es obligatorio.,2025-11-14 22:55:31
Error: El campo 'modelo' es obligatorio.,2025-11-14 22:55:32
Error: El campo 'modelo' es obligatorio.,2025-11-14 22:55:32
Error: El campo 'modelo' es obligatorio.,2025-11-14 22:55:32
Error: El campo 'modelo' es obligatorio.,2025-11-14 22:55:32
Error: El campo 'modelo' es obligatorio.,2025-11-14 22:57:18
Error: El campo 'modelo' es obligatorio.,2025-11-14 22:57:20
Error: El campo 'modelo' es obligatorio.,2025-11-14 22:57:20
Error: El campo 'modelo' es obligatorio.,2025-11-14 22:57:21
